Question,Answer
1. What is correlation in statistics and why is it important?,"Correlation in statistics is a measure that expresses the extent to which two variables are linearly related. It is important because it helps identify relationships between variables, make predictions, and develop causal models. Correlation can be used in various fields like business, finance, medicine, and psychology to make better decisions and improve outcomes."
2. How do correlation coefficients range and what do different values indicate?,"Correlation coefficients range from -1 to 1. A value of 0 indicates no linear relationship between the two variables. A value of 1 indicates a perfect positive linear relationship, meaning as one variable increases, the other also increases. A value of -1 indicates a perfect negative linear relationship, meaning as one variable increases, the other decreases."
3. How can correlation be used to identify relationships between variables?,"Correlation can be used to identify relationships between variables by measuring the extent to which two variables are linearly related. A correlation coefficient ranging from -1 to 1 is calculated, where 0 indicates no linear relationship, 1 indicates a perfect positive linear relationship, and -1 indicates a perfect negative linear relationship. This information helps in understanding whether there is a positive or negative relationship between the variables, which is useful for understanding complex systems and relationships between different factors."
4. In what fields is correlation commonly used and how does it benefit decision-making in those fields?,"Correlation is commonly used in various fields such as business, finance, medicine, and psychology. In business, correlation helps identify relationships between variables like sales and advertising spending, aiding in better resource allocation decisions. In finance, it assists in building diversified portfolios by identifying relationships between financial assets like stocks and bonds, reducing overall risk. In medicine, correlation helps identify relationships between medical variables, improving disease prevention and treatment strategies. In psychology, it aids in understanding relationships between psychological variables, leading to better assessments and treatments. Overall, correlation benefits decision-making in these fields by providing insights into relationships between variables, enabling predictions, and aiding in the development of causal models."
"5. Give an example of how correlation is used in the real world in the fields of business, finance, medicine, and psychology.","In the field of business, correlation can be used to identify the relationship between customer satisfaction and sales. This information can help businesses understand how satisfied customers are impacting their sales and make decisions to improve customer satisfaction levels.

In finance, correlation is used to identify the relationship between different financial assets, such as stocks and bonds. This information can help investors build diversified portfolios that reduce risk by investing in assets that are not highly correlated with each other.

In medicine, correlation can be used to identify the relationship between risk factors and diseases. For example, researchers can use correlation to understand how smoking is correlated with lung cancer, which can help in developing prevention strategies and treatments.

In psychology, correlation can be used to identify the relationship between personality traits and mental disorders. This information can help psychologists develop better assessments and treatments for mental health conditions based on the correlations found between different variables."
6. Why is it important to note that correlation does not equal causation?,"It is important to note that correlation does not equal causation because just because two variables are correlated, it does not necessarily mean that one variable causes the other. There could be a third variable or external factor influencing both variables, leading to a correlation without a direct causal relationship."
7. How can correlation be used to make predictions and develop causal models?,"Correlation can be used to make predictions by identifying strong relationships between two variables. If there is a strong correlation between two variables, it is possible to use the value of one variable to predict the value of the other variable. This predictive power can be useful in various fields like business, finance, and medicine.

Additionally, correlation can be used as a starting point for developing causal models. Causal models describe how changes in one variable cause changes in other variables. By understanding the correlation between variables, researchers can develop more accurate predictions and interventions to change specific variables."
8. What does the example of ice cream sales and shark attacks illustrate about correlation and causation?,"The example of ice cream sales and shark attacks illustrates that correlation does not imply causation. Even though there is a strong correlation between the two variables, it does not mean that one causes the other. In this case, a third variable, such as hot weather, could be influencing both ice cream sales and shark attacks, leading to a correlation between them."
9. How can correlation be a powerful statistical tool in making better decisions and improving outcomes in various fields?,"Correlation can be a powerful statistical tool in making better decisions and improving outcomes in various fields for several reasons:

1. **Identifying Relationships**: Correlation helps in identifying relationships between variables. Understanding these relationships can provide insights into how different factors interact within a system, leading to more informed decision-making.

2. **Predictions**: Strong correlations between variables allow for predictions to be made. By using the value of one variable to predict the value of another, decision-makers can anticipate outcomes and plan accordingly.

3. **Developing Causal Models**: Correlation can serve as a starting point for developing causal models. These models describe how changes in one variable cause changes in others. By understanding these causal relationships, decision-makers can make more accurate predictions and develop interventions to improve outcomes.

4. **Fields of Application**: Correlation is used in various fields such as business, finance, medicine, and psychology. In business, it helps in allocating resources effectively. In finance, it aids in building diversified portfolios to reduce risk. In medicine, it assists in improving prevention, diagnosis, and treatment of diseases. In psychology, it helps in developing better assessments and treatments.

By leveraging correlation as a statistical tool, decision-makers across different fields can gain valuable insights, make informed choices, and ultimately improve outcomes."
